Next.js CSR,Nuxt.js CSR,SvelteKit CSR,Next.js SSR,Nuxt.js SSR,SvelteKit SSR,Next.js SSG,Nuxt.js SSG,SvelteKit SSG,Next.js ISR,Nuxt.js ISR,SvelteKit ISR
https://render-strategy-demo-csr-next-app-c.vercel.app/blog/,https://render-strategy-demo-csr-nuxt-app-c.vercel.app/blog,https://render-strategy-demo-csr-sveltekit.vercel.app/blog,https://render-strategy-demo-next-app-ssr.vercel.app/blog,https://render-strategy-demo-nuxt-app-ssr.vercel.app/blog,https://render-strategy-demo-sveltekit-app.vercel.app/blog,https://render-strategy-demo-next-app-ssg.vercel.app/blog/,https://render-strategy-demo-nuxt-app-ssg.vercel.app/blog,https://render-strategy-demo-sveltekit-app-nine.vercel.app/blog,https://render-strategy-demo-next-app-isr.vercel.app/blog,https://render-strategy-demo-nuxt-app-isr.vercel.app/blog,https://render-strategy-demo-sveltekit-app-rho.vercel.app/blog
87,95.8,47,65,70.9,51.2,65.3,69,47.8,68.2,71.7,53.4
85.7,96.3,49.4,64.1,72.7,47.4,61.9,71.1,45.5,65,71.6,51.5
85.9,96,47.2,65.2,73.3,48.1,56.6,69.2,47.8,63.5,70.6,57.2
86.2,96.2,47.8,64.6,71,51,64.7,70.3,45,67.3,71.4,53.4
86.4,95.7,47.1,64.9,72.7,35.2,65.6,68.9,50.7,66.1,77.3,53.8
85.7,95.6,46.8,63.3,71.8,50.2,62,69.8,51,65,70.6,51.5
85.3,96.3,48.8,54.4,71.4,49.8,65.1,69.8,48.4,64.9,70.5,53.8
85.9,95.8,49.1,64.7,71.4,49.5,65.7,69.8,47.9,67.3,70.8,49.7
86.4,96.4,46.4,62.8,71.3,52.8,62.4,70.1,52.5,64.6,70.6,53.2
86.4,95.6,49.9,64.8,71,53.7,64.2,73,51,64.7,71.6,54.6
